miasto,n,mediana,srednia
NIEZNANY,66744,180000.0,210996.79239227498
BYDGOSZCZ,56337,299500.0,312385.507146813
TORUŃ,32887,360000.0,365498.85283181805
M. GRUDZIĄDZ,6431,184000.0,212421.37193438035
ŚWIECIE,3750,210000.0,209191.01140533332
INOWROCŁAW,1608,229148.0,256085.4938681592
CHEŁMNO,1488,184500.0,209683.14105510752
NIEMCZ,1448,474577.7,446430.464019337
TUCHOLA,1310,180000.0,191882.51926717558
GRUDZIĄDZ,1291,281426.0,296412.4988613478
SZUBIN,1272,229490.0,257331.57979559747
GOLUB-DOBRZYŃ,1241,252519.0,249638.31313456892
OSIELSKO,1169,456796.2,430479.95203592815
CHEŁMŻA,1161,147600.0,158518.1226184324
NAKŁO NAD NOTECIĄ,981,230000.0,242287.0363302752
BRONIEWICE,919,265900.0,292742.8630250272
KORONOWO,815,224000.0,240047.44404907976
JANIKOWO,802,160000.0,168561.37123441396
SOLEC KUJAWSKI,746,238795.0,267560.53611260053
MOGILNO,722,218722.0,233556.91897506925
KRUSZWICA,698,275000.0,281770.4871060172
ŻNIN,626,237991.44,253754.45215654955
PADNIEWKO,446,235000.0,240361.8116591928
STRZELNO,409,85000.0,136582.01567237164
PRĄDOCIN,379,287000.0,302307.1835883905
NOWE,350,175000.0,203889.80997142856
WIĘCBORK,349,150000.0,174057.9545845272
SĘPÓLNO KRAJEŃSKIE,324,233619.0,243893.87228395062
KOWALEWO POMORSKIE,324,209924.0,217823.10111111111
PAKOŚĆ,315,208000.0,213815.3215873016
GNIEWKOWO,283,234702.0,238155.75547703178
CZERNIKOWO,276,257917.0,292276.4867028985
BARCIN,273,230000.0,236665.43153846153
ŁASIN,273,120000.0,185514.8901098901
ŁABISZYN,268,239500.0,258983.09701492538
BIAŁE BŁOTA,227,449000.0,411337.956475771
LUBICZ GÓRNY,227,252500.0,253524.28656387664
ŁOCHOWO,193,600000.0,572579.0429533679
GŁOGOWO,191,275000.0,336265.6565445026
BRZOZÓWKA,190,350000.0,378672.06315789477
RADZYŃ CHEŁMIŃSKI,175,90000.0,167323.7142857143
ŻNIN-WIEŚ,173,237000.0,262215.7396531792
UNISŁAW,162,185000.0,217111.23049382717
MAKSYMILIANOWO,152,353250.0,342122.09
ŻOŁĘDOWO,137,575000.0,493884.5246715328
KCYNIA,135,180000.0,197384.95074074075
ŚWIERKOCIN,130,335000.0,336240.93076923076
LUBICZ DOLNY,128,230000.0,243384.048828125
CZARNOWO,127,360000.0,354713.6581889764
ZIELONKA,127,450000.0,461756.08472440945
GÓRSK,123,240000.0,317553.62772357726
PRZYŁĘKI,110,605000.0,577893.0474545454
OSIE,109,239067.0,227514.83211009172
OSIEK NAD WISŁĄ,101,335000.0,380607.1287128713
NOWA WIEŚ,100,515000.0,461702.4
BRONISŁAW,96,24055.5,26864.802083333332
ZŁOTNIKI KUJAWSKIE,96,187000.0,256821.92708333334
ZEGARTOWICE,93,125000.0,107021.97311827957
GRUPA PLAC,92,165000.0,159086.2070652174
STARY TORUŃ,91,694900.0,665219.1403296704
MYŚLĘCINEK,88,432658.0,433928.54920454544
CEKCYN,85,210000.0,250431.3254117647
JANOWIEC WIELKOPOLSKI,84,170000.0,211905.97619047618
KAMIEŃ KRAJEŃSKI,83,203000.0,224235.5596385542
ROZGARTY,83,500000.0,504512.8674698795
SULNÓWKO,83,240000.0,235715.23602409638
LISEWO,83,150000.0,181880.93759036146
MUROWANIEC,83,515000.0,500609.6506024096
NIWY,82,613000.0,547685.3658536585
OSÓWIEC,78,380000.0,357666.6666666667
LASKOWICE,78,145750.0,195833.35897435897
BRZOZA,78,435000.0,415287.1794871795
MROCZA,77,200000.0,228092.64
CEKCYNEK,74,275000.0,299483.7837837838
SMOLNIKI,74,357477.0,382502.3783783784
JAGODOWO,72,550500.0,563646.7511111111
PRUSZCZ,69,199000.0,248537.6811594203
POTULICE,68,140000.0,160083.63029411764
DOBRCZ,67,485000.0,449589.552238806
TUCZNO,66,235000.0,265655.75606060604
KROBIA,64,459561.5,471049.0
ROGOWO,64,277500.0,316104.26625
NOWE DĄBIE,64,180000.0,207195.5234375
TUR,64,155000.0,189817.1875
WARSZEWICE,62,200000.0,198217.74193548388
CIELE,60,514500.0,491895.75866666663
ŚLESIN,59,165000.0,220383.08474576272
DĄBROWA CHEŁMIŃSKA,57,230000.0,315004.3859649123
OBROWO,57,520000.0,474720.2789473684
MAŁA NIESZAWKA,57,425000.0,428950.3157894737
PIECHCIN,57,110000.0,126274.87157894736
NOWA WIEŚ WIELKA,55,400000.0,402500.9090909091
PODWIESK,55,160000.0,191114.54545454544
BORÓWNO,54,242000.0,296411.1111111111
KRUSZYN KRAJEŃSKI,53,540000.0,500744.9028301887
ŁOCHOWICE,52,535000.0,528798.6498076923
PATEREK,51,300000.0,317571.0588235294
CEPNO,51,120000.0,130121.56862745098
WYSTĘP,51,164092.3,254002.89411764705
WITUNIA,48,155500.0,199687.5
SADKI,48,250000.0,299659.875
MOKRE,47,310000.0,349062.7659574468
ZŁOTORIA,46,520000.0,490522.14130434784
ŁUBIANKA,45,500000.0,484031.7555555556
GRÓDEK,45,140000.0,178947.55555555556
STAROGRÓD,45,70000.0,116233.77777777778
RYNARZEWO,45,372500.0,375649.74888888886
ŁYSOMICE,45,380000.0,391018.46222222224
LISI OGON,45,490000.0,491884.15644444444
SILNO,45,535000.0,540383.6666666666
KOŃCZEWICE,44,41466.7,120558.0
ZŁAWIEŚ MAŁA,44,300125.0,369587.5
WARLUBIE,43,120000.0,161583.48023255815
BARCIN-WIEŚ,43,250000.0,312048.0232558139
DĄBRÓWKA,43,170000.0,206058.13953488372
TRZCINIEC,43,265672.75,248990.7027906977
PAPOWO TORUŃSKIE,42,512000.0,494357.14285714284
WOLICE,41,384999.0,389379.15853658534
JANIA GÓRA,40,110000.0,144687.5
STRZELEWO,40,165000.0,188387.5
CZARNE BŁOTO,40,500000.0,478853.075
MURCZYN,39,181500.0,186671.07692307694
ZAMOŚĆ,39,400000.0,427167.8205128205
GĄSAWA,39,150000.0,181355.61538461538
KIJEWO KRÓLEWSKIE,39,140000.0,157900.0
SICIENKO,39,305000.0,367958.25641025644
BUKOWIEC,38,143000.0,200798.26315789475
PIASECZNO,38,270450.0,290191.7368421053
SZEMBEKOWO,38,537000.0,464315.8157894737
GOSTKOWO,37,348123.0,370333.0
NAPOLE,37,235000.0,202229.72972972973
ZALESIE,36,137500.0,174519.44444444444
JEŻEWO,36,235000.0,240391.33333333334
TOPORZYSKO,36,611500.0,527251.4444444445
KLAMRY,36,359000.0,393180.55555555556
KRUSIN,36,105000.0,99344.44444444444
GRUTA,36,131000.0,149344.4688888889
LISNOWO,36,112500.0,134125.0
GRĘBOCIN,35,470000.0,478707.336
BYSŁAW,34,197500.0,264348.32823529415
KOZŁOWO,33,438000.0,338640.1515151515
TERESPOL POMORSKI,33,135000.0,185741.84848484848
KOBYLNIKI,33,150000.0,161473.63636363635
OJRZANOWO,33,380000.0,368534.54545454547
MAŁY RUDNIK,33,465000.0,484060.6060606061
ROJEWO,32,280000.0,306264.875
ZAWAŁY,32,218500.0,300281.25
KOTOMIERZ,32,212500.0,296093.75
MIRADZ,32,136500.0,133228.58125
WIELOWIEŚ,31,200000.0,243814.51612903227
OSTROWO,31,34419.0,127624.29000000001
TRYSZCZYN,31,165000.0,239468.70967741936
PAPOWO BISKUPIE,31,90000.0,149851.25806451612
ZŁOTNIKI,31,133000.0,137532.25806451612
KOLNO,30,200000.0,171500.0
STEKLIN,30,150000.0,184933.33333333334
PNIEWITE,30,185000.0,161156.66666666666
BIAŁY BÓR,29,442500.0,429945.2586206897
PRZYSIEK,29,270000.0,341282.7586206897
DUBIELNO,29,102960.0,161579.3103448276
KĘSOWO,29,200000.0,254149.33103448275
LIPIENEK,29,57000.0,66724.13793103448
CEREKWICA,28,131000.0,132225.0
NOWE DOBRA,28,265000.0,354053.5714285714
GRABOWIEC,28,389000.0,374071.4285714286
ZAŁACHOWO,28,352000.0,363375.0
MĄKOWARSKO,27,103000.0,117537.03703703704
STRONNO,27,355000.0,365697.77777777775
SŁOŃSKO,27,390000.0,388787.037037037
OSTROMECKO,27,390000.0,354518.51851851854
GOSTYCYN,27,208000.0,213074.07407407407
PODGÓRZYN,27,350000.0,311288.51851851854
SOŚNO,27,150000.0,141740.74074074073
WILCZE,27,187000.0,351555.55555555556
JASZCZÓŁTOWO,26,284535.0,283067.1153846154
TUPADŁY,26,215000.0,234326.92307692306
OSINY,25,21000.0,66896.0
PIGŻA,25,170000.0,298720.0
ŚWIECIE N/OSĄ,25,55000.0,80272.48
KAWĘCZYN,25,370000.0,387820.0
SYPNIEWO,25,165000.0,229534.4
MARCINKOWO,25,300000.0,322192.0
NOWY DWÓR,24,80000.0,150502.08333333334
KOWALEWO,24,270000.0,299785.4166666667
WOJNOWO,24,165000.0,156818.83333333334
CIERPICE,24,250000.0,326827.36125
LULKOWO,24,508000.0,470723.8125
FIRLUS,23,250000.0,221086.95652173914
WABCZ,23,145000.0,144478.26086956522
PĘCHOWO,23,140000.0,211473.91304347827
RACINIEWO,23,150000.0,138260.86956521738
PRZYŁUBIE,23,160000.0,188434.78260869565
STOLNO,23,145000.0,197934.78260869565
GNOJNO,23,300000.0,346522.6956521739
WIĄG,23,135000.0,176173.91304347827
ANNOWO,23,299000.0,285478.3043478261
FRYDRYCHOWO,22,131000.0,148636.36363636365
JANOCIN,22,140000.0,129227.27272727272
BRZYSKORZYSTEWKO,22,151000.0,160568.18181818182
LISZKOWO,22,96000.0,154090.9090909091
SULNOWO,22,540000.0,477508.8409090909
CIEŚLIN,22,165000.0,174554.54545454544
RZĘCZKOWO,22,58510.465000000004,207931.6290909091
GRUPA,22,190000.0,244063.63636363635
NOWE JANKOWICE,21,83000.0,89238.09523809524
ŁASIN-WYBUDOWANIE,21,194000.0,176158.33333333334
SARBINOWO DRUGIE,21,80000.0,95952.38095238095
MICHALE,21,290000.0,317823.8095238095
RACIĄŻ,21,190000.0,239523.80952380953
KOŚCIELEC,21,153000.0,214920.2380952381
WĘGROWO,21,420000.0,379514.28571428574
WAŁDOWO SZLACHECKIE,21,330000.0,369059.5119047619
BALCZEWO,21,520000.0,475992.85714285716
KUSOWO,21,175000.0,165476.19047619047
WTELNO,21,500000.0,425018.14285714284
WŁOSZANOWO,20,98000.0,100728.0
TRZASKI,20,90000.0,115234.5
WŁADYSŁAWOWO,20,222500.0,314300.0
MEŁNO,20,116500.0,164850.0
PLUSKOWĘSY,20,94000.0,110950.0
GOŚCIERADZ,20,450000.0,441611.2
ŚWIEKATOWO,20,237500.0,213300.0
STALÓWKA,20,50100.0,69660.0
JAKSICE,20,145600.5,199290.05
SEROCK,20,222500.0,305992.65
SMOGORZEWO,20,507000.0,444225.0
WIECANOWO,20,180500.0,223059.3115
KOZIELEC,20,172500.0,221300.0
OSTASZEWO,19,150000.0,204555.73684210525
SALNO,19,159000.0,218747.31578947368
ŚWIERKÓWIEC,19,304000.0,235694.73684210525
GRUCZNO,19,300000.0,354601.5789473684
WIERZCHUCIN KRÓLEWSKI,19,160000.0,250158.1052631579
GŁOGÓWKO KRÓLEWSKIE,19,490000.0,423894.7368421053
GĘBICE,19,150000.0,148578.94736842104
WIELKIE LNISKA,19,174000.0,191394.73684210525
WITOSŁAW,19,120000.0,125168.53157894737
KRĄPIEWO,19,90000.0,93684.21052631579
KRUSZYN,19,584000.0,488105.2631578947
NISZCZEWICE,19,245000.0,380789.4736842105
STRZELCE GÓRNE,19,480000.0,420552.63157894736
DRZYCIM,19,190000.0,277043.87263157894
SIEMOŃ,19,130000.0,188526.31578947368
OBORY,18,423000.0,395222.22222222225
WĄWELNO,18,62503.885,148138.48722222223
WÓJCIN,18,206000.0,219416.66666666666
WROCŁAWKI,18,95000.0,106968.07944444445
WIELKA ŁĄKA,18,115000.0,178749.1211111111
JELENIEC,18,100000.0,170277.77777777778
BRUDZYŃ,18,185000.0,159500.0
KOBYLARNIA,18,548000.0,554046.2272222223
FRANCISZKOWO,18,135000.0,124522.22222222222
WIELKA NIESZAWKA,18,430000.0,377033.3333333333
RUNOWO KRAJEŃSKIE,18,135000.0,144622.22222222222
CHRZĄSTOWO,18,355000.0,352054.55555555556
LUBOSTROŃ,18,160000.0,172583.33333333334
ALEKSANDROWIEC,17,180000.0,248823.5294117647
ROGALIN,17,70000.0,137886.58823529413
SITNO,17,100000.0,130000.0
RUDA,17,400000.0,345889.9388235294
STORLUS,17,120000.0,118116.58823529411
MARKOWICE,17,135000.0,169588.23529411765
MAZOWSZE,17,100000.0,145923.5294117647
MOCHLE,17,495000.0,438248.0188235294
ROGÓŹNO ZAMEK,17,100000.0,95588.23529411765
STAJENCZYNKI,17,482000.0,443580.0
SĄSIECZNO,17,490000.0,452329.4117647059
DĄBROWA,17,156600.0,169370.58823529413
KOŁODZIEJEWO,17,230000.0,228098.29411764705
TRZECIEWIEC,17,210000.0,256029.41176470587
BRAMKA,17,90000.0,118176.4705882353
WISKITNO,17,90000.0,86250.0
WIELKIE RYCHNOWO,17,200000.0,270131.70470588235
BIELICE,17,120000.0,162970.58823529413
WĄSOSZ,17,360000.0,386000.0
GZIN,17,465000.0,350785.70588235295
OLIMPIN,16,537500.0,440623.8125
RADOMIN,16,247500.0,247205.295625
SOKOŁOWO,16,97500.0,139911.25
SARTOWICE,16,108000.0,127567.50625
RÓŻANKOWO,16,599000.0,499531.25
JACEWO,16,475000.0,424735.125
DRAGACZ,16,259500.0,298093.75
MINIKOWO,16,230000.0,221875.0
DĄBROWA BISKUPIA,16,200000.0,234375.0
KANIA,16,362500.0,354403.125
DZIKOWO,16,470000.0,461193.75
ŚLIWICE,16,295500.0,325812.5
KWIECISZEWO,16,210000.0,225750.0
KRĄPLEWICE,16,135000.0,140781.25
KROTOSZYN,16,177500.0,281000.0
PĘPERZYN,16,80000.0,81662.5
WIELKI KOMORSK,15,125000.0,151800.0
GÓRNE WYMIARY,15,165000.0,273133.3333333333
GRONOWO,15,179000.0,241600.0
GRZYWNA,15,215000.0,231708.33333333334
WIERZCHOSŁAWICE,15,135000.0,148800.0
MARKOWO,15,160000.0,179113.33333333334
SIENNO,15,221150.0,258650.66666666666
LUBIEWO,15,150000.0,181959.93333333332
STOBNO,15,130000.0,128800.0
SUCHATÓWKA,15,200000.0,247866.66666666666
OSIEK WIELKI,15,120000.0,139433.33333333334
JASTRZĘBIE,15,150000.0,140166.66666666666
SUKOWY,15,70000.0,154926.66666666666
POLANOWICE,15,120000.0,128180.0
MAŁE ŁĄKIE,15,529000.0,495266.6666666667
MAŁE RUDY,15,590000.0,549540.0
KORNATOWO,15,140000.0,116866.66666666667
LINOWO,15,100000.0,93683.33333333333
NAWRA,15,120000.0,151101.73333333334
SZUBIN WIEŚ,14,280000.0,324768.85714285716
SAMOSTRZEL,14,140312.5,204194.64285714287
ZAROŚLE CIENKIE,14,622000.0,428295.9285714286
WROCKI,14,110000.0,127500.0
GRUBNO,14,269000.0,218577.38142857142
TUSZYNY,14,180000.0,179071.42857142858
GŁUCHOWO,14,150500.0,162847.2357142857
ŻERNIKI,14,270000.0,234142.85714285713
ŁĄŻYN,14,516500.0,434464.35714285716
KORNELIN,14,299000.0,346500.0
KOŁACZKOWO,14,185000.0,229408.99500000002
LUCIM,14,140000.0,162357.14285714287
LUBCZ,14,92500.0,195154.7142857143
DROZDOWO,14,260000.0,312067.14285714284
FALĘCIN,14,155000.0,144214.2857142857
PIĄTKOWO,14,88500.0,90928.57142857143
STABLEWICE,14,150000.0,143928.57142857142
JARUŻYN,14,647500.0,561928.5714285715
PRZECZNO,14,47000.0,96392.85714285714
LEGBĄD,14,223500.0,250930.7142857143
MAŁY MĘDROMIERZ,14,405000.0,323321.4285714286
LIPINKI,14,180000.0,234654.68928571427
NOWY DWÓR KRÓLEWSKI,13,150000.0,215615.38461538462
NIEWIEŚCIN,13,105000.0,178197.53846153847
MŁYNY,13,27273.0,57933.230769230766
LESZCZE,13,205000.0,150769.23076923078
BLADOWO,13,168000.0,135461.53846153847
WIKTOROWO,13,310000.0,311384.6153846154
TURZNO,13,140000.0,193772.3076923077
TRZECIEWNICA,13,133000.0,185538.46153846153
GŁODOWO,13,338000.0,297884.6153846154
ZŁAWIEŚ WIELKA,13,350000.0,351238.46153846156
WIELKIE STWOLNO,13,235000.0,285538.46153846156
WYBRANOWO,13,300000.0,243326.92307692306
GAWRONIEC,13,130000.0,193000.0
GNIEWKÓWIEC,13,210000.0,299802.3846153846
SKARSZEWO,13,191050.0,347519.23076923075
PIASKI,13,120000.0,220923.07692307694
PYSZCZYN,13,100000.0,227923.07692307694
CZERNIKÓWKO,13,230000.0,264969.23076923075
JEZIORA WIELKIE,13,200000.0,206076.92307692306
DŹWIERZNO,12,38000.0,46672.916666666664
DZIEMIONNA,12,491000.0,506266.6666666667
KOPANINO,12,570000.0,566250.0
KRUPOCIN,12,250000.0,205583.33333333334
BRZYSKORZYSTEW,12,119000.0,128950.0
GÓRKI ZAGAJNE,12,100000.0,102628.75
TURZNICE,12,77500.0,131416.66666666666
BRATWIN,12,111000.0,141191.36250000002
TRZĘSACZ,12,82500.0,81744.62000000001
TLEŃ,12,307000.0,317186.5
WYLATOWO,12,101604.0,136225.6675
GORZEŃ,12,315000.0,358666.6666666667
WUDZYN,12,365000.0,339708.3333333333
GRODZTWO,12,459500.0,452666.6666666667
KAMIONKI MAŁE,12,300000.0,291583.3333333333
KIJASZKOWO,12,249500.0,251687.5
DOLNA GRUPA,12,395000.0,489583.3333333333
KAŁDUS,12,350000.0,276875.0
NICWAŁD,12,320000.0,295700.0
MIERUCIN,12,95000.0,111206.25
JORDANOWO,12,95000.0,146666.66666666666
JELEŃCZ,12,70000.0,76958.33333333333
CHRAPLEWO,12,83000.0,71500.0
PODOBOWICE,12,124400.0,135206.25
SZCZEPICE,12,145000.0,219208.33333333334
SŁUPY,12,115000.0,121625.0
BRZEŚĆ,12,86250.0,121541.66666666667
WAŁDOWO,12,162500.0,227666.66666666666
CZARŻE,12,255000.0,303774.1666666667
POLSKIE ŁĄKI,12,197500.0,169287.5
BĄKOWO,12,116500.005,136029.00083333332
STĄŻKI,12,58410.0,93921.66666666667
BOŻENKOWO,12,251500.0,285358.3333333333
ZIELNOWO,11,150000.0,191727.27272727274
ŁYSININ,11,199000.0,190090.9090909091
GROCHOLIN,11,120000.0,161990.9090909091
ŁACHOWO,11,180000.0,149331.51545454544
ŻALNO,11,200000.0,215000.0
BOCHLIN,11,160000.0,203386.63636363635
ŻURCZYN,11,153000.0,145272.72727272726
WAŁKOWISKA,11,195000.0,250636.36363636365
TWARDA GÓRA,11,100000.0,114018.18181818182
AUGUSTOWO,11,350300.0,359145.45454545453
KONSTANCJEWO,11,135000.0,148909.0909090909
DĘBIENIEC,11,145000.0,220909.0909090909
KRÓLIKOWO,11,135000.0,200116.94363636363
LNIANO,11,245000.0,283090.9090909091
LUBANIA LIPINY,11,170000.0,153818.18181818182
LACHMIROWICE,11,75000.0,85844.77272727272
DULSK,11,90000.0,79272.72727272728
PLEWO,11,100000.0,123315.09090909091
RUCEWO,11,300000.0,308181.8181818182
ROBAKOWO,11,150000.0,201090.9090909091
PAWŁÓWEK,11,560000.0,467181.8181818182
ZELGNO,11,93000.0,136818.18181818182
BRZEŹNO,11,220000.0,307248.8181818182
DWORZYSKO,11,380000.0,348636.36363636365
LUBASZCZ,11,150000.0,168099.50272727272
PIŁA,11,300000.0,336636.36363636365
RYWAŁD,11,150000.0,166711.46181818182
GAWŁOWICE,11,55000.0,90863.63636363637
GLINKI,11,110000.0,122898.18181818182
JADOWNIKI RYCERSKIE,11,170000.0,166909.0909090909
BĄGART,11,70000.0,126363.63636363637
SAMOCIĄŻEK,11,169000.0,330909.0909090909
OLSZEWKA,11,175000.0,184363.63727272727
MINISZEWO,11,30000.0,104727.38272727272
MIRAKOWO,11,180000.0,265363.63636363635
MIERZWIN,11,528000.0,465636.36363636365
JANOWO,11,350000.0,433181.8181818182
ŁABISZYN-WIEŚ,10,435000.0,446800.0
ŁOWIN,10,147750.0,221250.0
BIAŁOWIEŻA,10,192000.0,165700.0
ŚWIĘTOSŁAW,10,141000.0,231006.5
BOŻEJEWICE,10,11234.0,62703.2
WAŁDOWO KRÓLEWSKIE,10,350500.0,364350.0
GUTOWO,10,123500.0,226576.602
BOŻEJEWICZKI,10,162000.0,186771.0
GRZYBNO,10,80000.0,140900.0
ZŁOTOWO,10,82418.9,142243.78
BIEŃKÓWKA,10,178500.0,193700.0
BIELAWY,10,260000.0,230430.0
SUCHA,10,282500.0,315600.0
SŁAWĘCINEK,10,297500.0,330800.0
SZKOCJA,10,395000.0,405300.0
SZARLEJ,10,67500.0,80598.5
BŁOTO,10,195000.0,198500.0
BĘDZITOWO,10,140000.0,122650.0
RYBITWY,10,120000.0,162156.4
SŁAWKOWO,10,192500.0,204400.0
OBODOWO,10,500000.0,439500.0
PRZY SZOSIE BYDGOSKIEJ,10,299000.0,335600.0
POLICHNO,10,34210.015,158820.009
ROGÓŹNO,10,155000.0,181900.0
PRZYJEZIERZE,10,168500.0,169797.27
POKRZYWNO,10,500000.0,528900.0
CHEŁMCE,10,287500.0,260699.84500000003
MIERZYNEK,10,468125.0,454425.0
LUTÓWKO,10,278500.0,356600.0
MAMLICZ,10,310000.0,319402.8
LASKI MAŁE,10,282500.0,332100.0
ELGISZEWO,10,115000.0,138100.0
DĘBIONEK,10,144500.0,130300.0
KLOCEK,10,405000.0,360299.0
KOŁUDA WIELKA,10,120000.0,122600.0
ŁĄŻYN II,10,170000.0,315500.0
ŚWIĄTKOWO,9,200000.0,152105.55555555556
PRUSKA ŁĄKA,9,148000.0,236367.22222222222
REPTOWO,9,394000.0,409422.22222222225
KORYTOWO,9,189172.0,206114.66666666666
KONSTANTOWO,9,100000.0,184111.11111111112
KOMIEROWO,9,124000.0,110123.88888888889
KOMASZYCE,9,475000.0,419222.22222222225
ZBÓJNO,9,169592.0,175969.11111111112
RULEWO,9,111000.0,159000.0
JAKSICZKI,9,70000.0,95555.55555555556
GORZYCE,9,250000.0,234444.44444444444
DORPOSZ CHEŁMIŃSKI,9,70000.0,74733.33333333333
MŁYNIEC DRUGI,9,470000.0,418777.77777777775
LUSZKOWO,9,75000.0,79111.11111111111
SZCZUTKI,9,475000.0,421222.22222222225
DZIARNOWO,9,123500.0,151500.0
MROZOWO,9,130000.0,184666.66666666666
DRĄŻNO,9,8825.4,18320.655555555553
DUSOCIN,9,165000.0,187944.44444444444
DĄBIE,9,65000.0,123053.33333333333
MATYLDZIN,9,50000.0,116542.52222222222
ŁĘG,9,130000.0,226166.66666666666
MAŁE ŁUNAWY,9,260000.0,213333.33333333334
BRZOZOWO,9,205000.0,196284.44444444444
KIEŁPIN,9,130000.0,168555.55555555556
BUSZKOWO,9,225000.0,247661.11111111112
WIĘCŁAWICE,9,140000.0,161111.11111111112
WOLWARK,9,235000.0,324444.44444444444
STEKLINEK,9,140000.0,279111.1111111111
JUNCEWO,9,280000.0,232811.11111111112
OBÓRZNIA,9,425000.0,351515.0
LIPIE,9,95000.0,123055.55555555556
LIPIENICA,9,130000.0,242944.44444444444
STARY DWÓR,9,478600.0,479844.44444444444
OKONINY,9,330000.0,387666.6666666667
STANISŁAWKA,9,566000.0,513777.77777777775
ORLE,9,105000.0,139555.55555555556
OPORÓWEK,9,140000.0,315000.0
KŁOPOT,9,390000.0,292222.22222222225
DĘBINY,9,100000.0,129600.0
PARLIN,9,75000.0,212777.77777777778
PAPARZYN,9,240000.0,206864.93444444443
SADŁOGOSZCZ,9,172362.0,252218.55555555556
PRĄDKI,9,490000.0,535046.8877777779
MODLIBORZYCE,9,120000.0,176938.88888888888
TERESIN,9,190000.0,194333.33333333334
BIAŁKOWO,9,130000.0,168644.44444444444
ŁYSKOWO,8,92000.0,90562.5
SZTYNWAG,8,411500.0,434775.0
UŚCIKOWO,8,55000.0,63125.0
MARCINKOWO GÓRNE,8,64000.0,63500.0
KARNOWO,8,147500.0,179470.65625
TRZEBCZ SZLACHECKI,8,312500.0,254625.0
TRLĄG,8,77500.0,123437.5
BIAŁOŻEWIN,8,180000.0,200000.0
MLEWO,8,128750.0,148188.375
GÓRNA GRUPA,8,217500.0,221712.5
WŁOŚCIBÓRZ,8,106000.0,99675.0
DĄBRÓWKA KRÓLEWSKA,8,57500.0,93150.0
JAKUBKOWO,8,60000.0,102100.0
PODZAMEK GOLUBSKI,8,201500.0,247000.0
CICHORADZ,8,70000.0,152750.0
CIERPLEWO,8,225000.0,214282.125
GAŁCZEWKO,8,56000.0,95834.53125
PIŃSKO,8,62500.0,92518.75
WYSOKA WIEŚ,8,497500.0,492312.5
ZAMEK BIERZGŁOWSKI,8,584500.0,561278.75
JANKOWO,8,253045.0,269188.5
POLSKI KONOPAT,8,122500.0,185325.0
ZĘBOWO,8,182500.0,159220.25
CHROŚNA,8,237500.0,298742.5
ŁOJEWO,8,132000.0,128375.0
ZDROJE,8,155000.0,155000.0
ZDROJEWO,8,217500.0,257000.0
PLESEWO,8,58500.0,88465.0
RADZIM,8,72000.0,80187.5
ŚMIELIN,8,232500.0,290625.0
PŁOCHOCIN,8,100000.0,203085.0
ŁĄKIE,8,21518.0,87278.5
BIAŁOCHOWO,8,120000.0,201004.375
WERY,8,88000.0,130387.5
NIECHORZ,8,87500.0,94834.375
LINOWIEC,8,60000.0,61250.0
DRZONOWO,8,20000.0,43750.0
SZELEJEWO,8,47500.0,81575.0
GÓRKI,8,102500.0,108750.0
NIEMCZYK,8,95000.0,108375.0
DZIEDZINEK,8,70000.0,78075.0
SZUMIŁOWO,8,280000.0,204017.75
MALANKOWO,8,200000.0,150693.75
DZIEWIERZEWO,8,235000.0,249567.5
SUCHARY,8,142350.0,184471.53
NOWAWIEŚ CHEŁMIŃSKA,8,220000.0,285706.25
WIELKIE ZAJĄCZKOWO,8,181000.0,172750.0
OBUDNO,8,47500.0,91643.75
BYTKOWICE,8,110000.0,187500.0
BYSZEWO,8,90000.0,113125.0
IWIEC,8,140000.0,184937.5
NOWOGRÓD,8,257500.0,255000.0
BORKOWO,8,107500.0,175650.0
STAW,8,375000.0,281974.125
OSTROWITE,8,262500.0,256875.0
SOKOLE-KUŹNICA,8,295000.0,258956.625
KUCZWAŁY,8,12000.0,118802.125
CEGIELNIK,8,530670.0,491710.0
PLEWNO,8,140750.0,180375.0
OKOLE,8,468200.0,435837.5
MURZYNNO,8,97500.0,142087.5
NEKLA,8,570000.0,512500.0
DOBRZEJEWICE,8,476000.0,485437.5
NOWA CHEŁMŻA,8,280000.0,287500.0
SZYNWAŁD,8,85000.0,140375.0
CIECHOCIN,7,145000.0,262142.85714285713
CIĘŻKOWO,7,125000.0,109571.42857142857
KLONOWO,7,225000.0,195428.57142857142
BIELSK,7,285000.0,316714.28571428574
JAROSZEWO,7,95000.0,139571.42857142858
KOŁUDA MAŁA,7,100000.0,118857.14285714286
KOSOWO,7,255000.0,249142.85714285713
BIELCZYNY,7,340000.0,264557.35714285716
ROGÓWKO,7,250000.0,343734.5714285714
ZAROŚLE,7,305000.0,294285.71428571426
KRZYWOGONIEC,7,304000.0,355571.4285714286
GLISZCZ,7,115000.0,152285.7142857143
WŁODZIMIERZEWO,7,39500.0,32278.042857142857
FLANTROWO,7,110000.0,167142.85714285713
DĄBRÓWKA NOWA,7,575000.0,521285.71428571426
SAMOKLĘSKI DUŻE,7,150000.0,175857.14285714287
SIPIORY,7,115000.0,181083.42857142858
CZYSTE,7,280000.0,284357.14285714284
SIKOROWO,7,150000.0,240000.0
SMOGULECKA WIEŚ,7,42000.0,49428.57142857143
PALCZYN,7,118000.0,355428.5714285714
SKARSZEWY,7,135000.0,185000.0
SKRZYPKOWO,7,140000.0,148714.2857142857
DĄBRÓWKA SŁUPSKA,7,142000.0,283428.5714285714
PNIEWY,7,250000.0,231914.2857142857
PARTĘCZYNY,7,27260.0,106400.82857142857
STARE BŁONOWO,7,145000.0,151428.57142857142
WIERZBICZANY,7,140000.0,154142.85714285713
WIELKIE ŁUNAWY,7,435000.0,298571.4285714286
WIELE,7,10000.0,66338.05714285714
WIELKI WEŁCZ,7,185000.0,167142.85714285713
BZOWO,7,210000.0,217428.57142857142
JEZIORKI,7,95000.0,132285.7142857143
STODÓLNO,7,120000.0,157571.42857142858
KAWLE,7,120000.0,122142.85714285714
JEZUICKA STRUGA,7,90000.0,70800.0
LISZKOWICE,7,30000.0,161371.42857142858
LATKOWO,7,245000.0,262885.71428571426
LASKI WIELKIE-MAŁE,7,460000.0,440642.85714285716
LIŃSK,7,300000.0,354142.85714285716
SKALMIEROWICE GM.GNIEWKOWO,7,349998.0,288062.5714285714
OKONINY NADJEZIORNE,7,60000.0,156500.0
NIEDŹWIEDŹ,7,216130.0,145645.7142857143
SZEROKOPAS,7,140000.0,201285.7142857143
SZEWNO,7,120000.0,143214.2857142857
LUDZISKO,7,235000.0,312857.14285714284
WENECJA,7,430000.0,362714.28571428574
BRZEMIONA,7,150000.0,161000.0
MAZOWSZE-PARCELE,7,344000.0,335428.5714285714
MLEWIEC,7,69000.0,78571.42857142857
DROŻDZIENICA,7,160000.0,158229.57142857142
KARCZEWO,7,160000.0,163845.0
PŁAZOWO,7,465000.0,393428.5714285714
TARKOWO DOLNE,7,325000.0,353982.28571428574
GĄBIN,7,182000.0,185654.2857142857
KNIEJA,7,200000.0,191157.14285714287
KOBYŁY,7,70000.0,77571.42857142857
BATKOWO,7,280000.0,304046.5714285714
ŻYGLĄD,7,105000.0,193571.42857142858
PŁONKÓWKO,6,122500.0,122500.0
GOŚCIESZYN,6,209000.0,239000.0
CHLEWISKA,6,235000.0,239833.33333333334
CHOMIĄŻA SZLACHECKA,6,357000.0,395666.6666666667
MIASTOWICE,6,175000.0,187500.0
TRZEBCZYK,6,400000.0,400000.0
KARCZYN,6,170000.0,160500.0
GĄCZ,6,95000.0,139166.66666666666
GĄSKI,6,72500.0,160833.33333333334
BOCHENIEC,6,73750.0,117916.66666666667
ROŚCIMIN,6,51500.0,157827.65
GIERKOWO,6,53500.0,53500.0
GAJ,6,440110.0,418370.0
GAJEWO,6,85000.0,75833.33333333333
WYSOKA,6,155000.0,148100.0
WŁÓKI,6,322500.0,395833.3333333333
GOCANOWO,6,75000.0,84466.66666666667
PIASTOSZYN,6,197500.0,345166.6666666667
PIEŃKI KRÓLEWSKIE,6,409500.0,367666.6666666667
RZESZYNEK,6,305000.0,265089.4816666667
PALĘDZIE KOŚCIELNE,6,97500.0,102166.66666666667
DRZEWIANOWO,6,216000.0,244500.0
SŁAWSK WIELKI,6,202500.0,206000.0
TOPOLA,6,95000.0,213750.0
PARCHANIE,6,80000.0,119583.33333333333
SIEROSŁAW,6,197500.0,272166.6666666667
BŁAWATY,6,219780.0,218093.33333333334
WYBCZ,6,112000.0,221000.0
GOGOLINEK,6,298500.0,298666.6666666667
OĆWIEKA,6,360000.0,325000.0
OŚNO,6,173000.0,173000.0
SKARPA,6,140000.0,144833.33333333334
SKORACZEWO,6,250000.0,288333.3333333333
OSTROWO GM.GNIEWKOWO,6,137500.0,175833.33333333334
OSTRÓWEK,6,185000.0,238166.66666666666
CZEMLEWO,6,410000.0,329398.5
SKĄPE,6,342000.0,282000.0
SOBIESIERNIE,6,85000.0,78583.33333333333
SZEMBRUK,6,46500.0,113833.33333333333
MAKOWISKA,6,182500.0,210438.70666666667
MALICE,6,31337.5,90910.41666666667
TYTLEWO,6,330000.0,330000.0
BROWINA,6,245000.0,255041.66666666666
OKONIN,6,210000.0,237166.66666666666
STARA WIEŚ,6,105000.0,135833.33333333334
LASKI,6,83500.0,138333.33333333334
WONORZE,6,55000.0,137500.0
WRONOWY,6,91500.0,149325.83333333334
IZDEBNO,6,420000.0,385000.0
WILCZEWO,6,89000.0,178166.66666666666
LISZKÓWKO,6,77500.0,104166.66666666667
NIEDŹWIADY,6,183000.0,207750.0
SZCZEPANOWO,6,71000.0,131166.66666666666
GROMADNO,6,294000.0,266333.3333333333
GÓRKI DĄBSKIE,6,114000.0,103800.0
LUSZKÓWKO,6,124000.0,146166.66666666666
DZIEMIONY,6,210000.0,268462.8333333333
WITOWĄŻ,6,370000.0,377067.5
NOWE MOSTY,6,188500.0,170333.33333333334
NOWY JASINIEC,6,181000.0,238083.33333333334
STRZELCE,6,190000.0,204905.33333333334
STRZYŻAWA,6,488000.0,448333.3333333333
MŁODOCIN,6,132500.0,160883.33333333334
POĆWIARDOWO,6,287500.0,290000.0
PRZEPAŁKOWO,6,80000.0,77500.0
RADOJEWICE,6,73500.0,116058.33333333333
RADŁOWO,6,230000.0,226666.66666666666
KOWRÓZ,6,110000.0,156666.66666666666
ŁASZEWO,6,104500.0,141000.0
ŁĄKOCIN,6,281000.0,291666.6666666667
PĘDZEWO,6,494700.0,411566.6666666667
ŚCIBORZE,6,175000.0,215833.33333333334
KOKOCKO,5,430000.0,402180.0
ŁĄŻYNEK,5,330000.0,347000.0
LUBOCIEŃ,5,37000.0,53400.0
PŁAWINEK,5,129000.0,246600.0
JARKI,5,270000.0,262400.0
JASZCZ,5,70000.0,83600.0
ŚWIĘTE,5,60000.0,61400.0
MURZYNKO,5,70000.0,146000.0
KITNOWO,5,260000.0,236000.0
RADZICZ,5,170000.0,154160.0
MĄKOSZYN,5,390000.0,367800.0
STRUŻAL,5,25000.0,328000.0
STOPKA,5,170000.0,154600.0
BURSZTYNOWO,5,58000.0,161400.0
LUDKOWO,5,45000.0,139000.0
WIERZCHUCINEK,5,120000.0,197800.0
LIPNO,5,62000.0,167200.0
WIERZCHY,5,23640.0,152184.0
BUŚNIA,5,14328.4,23919.68
SZCZEPANKOWO,5,247000.0,302200.0
SZADŁOWICE,5,60000.0,56626.0
SZCZEPANKI,5,150000.0,175997.5
LISEWO KOŚCIELNE,5,200000.0,283800.0
LIZNOWO,5,320000.0,304200.0
WITKOWO,5,180000.0,167716.6
NADBOROWO,5,70000.0,166000.0
WIELKI MĘDROMIERZ,5,140000.0,142000.0
NOWAWIEŚ GM.GOLUB DOBRZYŃ,5,300000.0,272000.0
KIERZKOWO,5,285000.0,256000.0
KIEŁPINY,5,180000.0,226000.0
KAMIENICA,5,102360.0,127696.8
GODAWY,5,370000.0,416000.0
GĄDECZ,5,180000.0,168600.0
HANDLOWY MŁYN,5,410000.0,389400.0
TARNÓWKO,5,145000.0,147800.0
PIOTRKOWICE,5,442800.0,488560.0
MILISZEWY,5,245000.0,356000.0
SAMSIECZNO,5,290000.0,263671.4
CHABSKO,5,40000.0,120458.4
MAŁA KLONIA,5,175000.0,159192.0
PARSKI,5,150694.0,243077.6
PAULINY,5,129000.0,121200.0
SIELEC,5,44000.0,58812.0
GORZANY,5,140000.0,119200.0
DOBIESZEWO,5,55000.0,58000.0
GOLEJEWO,5,80000.0,81860.0
OŚNISZCZEWO,5,80000.0,96000.0
DZIAŁYŃ,5,290000.0,230442.13999999998
SOBIEJUCHY,5,117968.0,104593.6
DUŻA CERKWICA,5,110000.0,116400.0
BRUKI II,5,250000.0,238000.0
MACIKOWO,5,360000.0,324000.0
SZEWA,5,80000.0,90900.0
SKŁUDZEWO,5,245000.0,225570.0
SOKOLIGÓRA,5,110000.0,170400.0
STARE MARZY,5,200000.0,286000.0
BOLUMINEK,5,570000.0,472000.0
WIĘZOWNO,5,68330.0,90666.0
WSZEDZIEŃ,5,185000.0,188400.0
WOLA STANOMIŃSKA,5,50000.0,106800.0
BRANICA,5,700000.0,569600.0
BORZYSZKOWO,5,390000.0,360000.0
OBKAS,5,110000.0,119000.0
STARY JASINIEC,5,200000.0,259800.0
IWNO,5,200000.0,210000.0
HUTNA WIEŚ,5,93750.0,353050.0
TARNOWO,5,68680.0,84736.0
ZAJEZIERZE,5,155000.0,283200.0
WYGODA,5,90000.0,92400.0
ELZANOWO,5,200000.0,248000.0
KOŃCZYCE,5,280000.0,272000.0
KITNÓWKO,5,51800.0,44024.14
TRZEBCZ KRÓLEWSKI,5,260000.0,349000.0
KAMIONKI DUŻE,5,250000.0,280200.0
CHEŁMONIE,5,117000.0,144400.0
PŁUTOWO,5,130000.0,192000.0
GOŁĘBIEWKO,5,75000.0,72000.0
PŁOSKÓW,5,155000.0,155000.0
POLEDNO,5,72000.0,55800.0
ROZALINOWO-PIASTOWO,5,360000.0,313438.4
CHMIELNIKI,5,450000.0,474000.0
TRZEMIĘTOWO,5,220000.0,287000.0
RÓŻANNA,5,160000.0,143800.0
ZAWDA,5,80000.0,135000.0
RUDY,5,71300.0,71300.0
CIENCISKO,5,200000.0,306000.0
ZBYTOWO,5,150000.0,200000.0
WATOROWO,4,385000.0,357500.0
SZARNOŚ,4,85000.0,265000.0
SUCHOM,4,365000.0,397500.0
WITOLDOWO,4,175000.0,260000.0
MŁYNICE,4,367500.0,359500.0
MŁYNIEC PIERWSZY,4,461000.0,400500.0
POPOWO,4,122500.0,130000.0
NOWA TUCHOLA,4,412500.0,413750.0
DOBRYLEWO,4,127000.0,117391.0
STRZELNO KLASZTORNE,4,130000.0,182500.0
BĄBOLIN,4,67500.0,150262.5
PŁOCICZ,4,120000.0,112500.0
PŁONKOWO,4,140000.0,130000.0
ŻUR,4,104600.0,104600.0
GOZDANIN,4,72810.0,88147.25
GÓRA,4,283500.0,291750.0
WIELKI KONOPAT,4,253009.795,317157.985
NOWA WIEŚ NOTECKA,4,140000.0,145250.0
DORPOSZ SZLACHECKI,4,312500.0,312500.0
WIELKI SOSNOWIEC,4,157500.0,235000.0
WIELKIE BUDZISKA,4,150000.0,133432.0
KAZIN,4,216000.0,303000.0
KAŹMIERZEWO,4,76500.0,157000.0
KIJEWO SZLACHECKIE,4,252500.0,336875.0
ŻARCZYN,4,225000.0,238000.0
ŁĄSKO WIELKIE,4,85000.0,92000.0
ŁĄŻEK,4,292500.0,281250.0
KOMORSK,4,130127.5,255563.75
ZĘBÓWIEC,4,240000.0,255000.0
BERLINEK,4,35000.0,62000.0
ŻĘDOWO,4,166000.0,200575.0
ALEKSANDROWO,4,710000.0,615000.0
ZIELONCZYN,4,520000.0,457500.0
PRZYBYSŁAW,4,320000.0,274000.0
POSŁUGOWO,4,180000.0,180000.0
MĄTAWY,4,42500.0,100037.5
SMERZYN,4,118750.0,164375.0
WICHORZE,4,112000.0,122250.0
DZIERZĄŻNO,4,181000.0,233000.0
STODOŁY,4,63500.0,76750.0
IŁOWO,4,92500.0,117500.0
JEŻEWICE,4,333500.0,320500.0
WOLA,4,101000.0,120500.0
MAŁSZYCE,4,583000.0,470750.0
SIERAKOWO,4,410000.0,340000.0
SIEMIONKI,4,252500.0,303947.5
PAŁUCZYNA,4,285000.0,255000.0
DŹWIERZCHNO,4,137500.0,130000.0
DĘBOWO,4,108500.0,99750.0
GROCHOWISKA KSIĘŻE,4,172500.0,167250.0
BŁACHTA,4,34000.0,34000.0
KRĄŻKOWO,4,265000.0,290000.0
KURZEJEWO,4,152500.0,203750.0
GROCHOWISKA SZLACHECKIE,4,108000.0,104000.0
GOGÓŁKOWO,4,303000.0,294065.0
OSÓWKA,4,235000.0,258750.0
OWIECZKOWO,4,137000.0,139000.0
CZEWUJEWO,4,295000.0,325000.0
WYDRZNO,4,100000.0,182670.0
CZAPLE,4,180000.0,194013.5
OTOROWO,4,245000.0,275000.0
SKĘPSK,4,338000.0,354666.75
SKALMIEROWICE GM.JANIKOWO,4,225000.0,236250.0
SKÓRKI,4,76500.0,143250.0
SKWIRYNOWO,4,67500.0,98750.0
SKURGWY,4,315000.0,267500.0
HUTA,4,285000.0,315000.0
DZIEDNO,4,37500.0,50000.0
MORZEWIEC,4,497750.0,496375.0
DĄBROWA WIELKA,4,190000.0,196250.0
MARCINKOWO DOLNE,4,85000.0,90000.0
ORZEŁEK,4,100000.0,154750.0
PIOTRKÓWKO,4,154000.0,168250.0
BRZOZIE,4,254000.0,342000.0
BRĄCHNOWO,4,243400.0,279200.0
BOCIEŃ,4,60000.0,61000.0
RYBIENIEC,4,322500.0,288625.0
CHWALISZEWO,4,107500.0,108750.0
CIESZYNY,4,60505.0,90252.5
FLETNOWO,4,144750.0,182375.0
WYTRĘBOWICE,4,550000.0,576250.0
WYROBKI,4,219000.0,254360.0
TARKOWO,4,124000.0,189250.0
MODRAKOWO,4,37500.0,50000.0
DRZEWCE,4,520000.0,544000.0
SŁUP,4,400000.0,385000.0
SŁĘBOWO,4,286500.0,279500.0
MLECZKOWO,4,90000.0,158750.0
MIROWICE,4,212500.0,253750.0
PIWNICE,4,210000.0,218500.0
KAMIENIEC,4,125000.0,113750.0
KRACZKI,4,99500.0,134750.0
KRAJĘCIN,4,50000.0,40250.0
KRUSZA DUCHOWNA,4,325000.0,307500.0
BISKUPICE,4,320000.0,289250.0
GŁOGÓWIEC,4,47500.0,43625.0
GŁĘBOKIE,4,67500.0,57000.0
KARSK,4,95000.0,113750.0
CHEŁMONIEC,4,120750.0,172375.0
ROSOCHATKA,4,331000.0,309250.0
CHRYSTKOWO,4,195000.0,167500.0
CHOMĘTOWO,4,132500.0,115000.0
POPOWICZKI,4,69500.0,74750.0
ŚWIERCZYNKI,4,645000.0,544750.0
BAGNIEWO,4,85000.0,80750.0
BAGNIEWKO,4,330000.0,318750.0
BAGIENICA,4,180000.0,182500.0
BARANOWO,3,300000.0,286666.6666666667
BACHORCE,3,160000.0,196666.66666666666
PRZYJMA,3,200000.0,276666.6666666667
PRZEDBOJEWICE,3,200000.0,146666.66666666666
PROCYŃ,3,90000.0,125000.0
PŁOCHOCINEK,3,162000.0,124666.66666666667
PRZYSIERSK,3,195000.0,225833.33333333334
ŻURAWIA,3,290000.0,297000.0
ZBRACHLIN,3,330000.0,330000.0
ŁOSINY,3,168000.0,202000.0
TUSZYNKI,3,300000.0,300000.0
KRZYWE KOLANO,3,140000.0,160000.0
JANUSZKOWO,3,400000.0,446333.3333333333
RADZYŃ WYBUDOWANIE,3,250000.0,267333.3333333333
KRZEKOTOWO,3,50000.0,49466.666666666664
MARCELEWO,3,400000.0,387666.6666666667
MIECZKOWO,3,105000.0,158333.33333333334
MGOSZCZ,3,80000.0,86666.66666666667
MAŁY KOMORSK,3,93000.0,114916.66666666667
MAŁE CZYSTE,3,400000.0,413333.3333333333
MAŁA CERKWICA,3,135000.0,193333.33333333334
TONINEK,3,80000.0,70000.0
BUDY RADUNEK,3,100000.0,90000.0
BIECHÓWKO,3,320000.0,290000.0
CHRZANOWO,3,79000.0,204666.66666666666
CHROSNO,3,20000.0,141666.66666666666
CHOBIELIN,3,88000.0,122666.66666666667
ROZALINOWO,3,235000.0,370000.0
BISKUPIN,3,95000.0,138944.33333333334
BRĄCHNÓWKO,3,540000.0,500000.0
GŁĘBOCZEK,3,450000.0,442266.6666666667
GŁOGOWINIEC,3,140000.0,138333.33333333334
BRONIEWO,3,54000.0,146000.0
GAĆ,3,230000.0,236666.66666666666
JAKUBOWO,3,515000.0,520000.0
CIECHRZ,3,68000.0,278666.6666666667
RUDAW,3,175000.0,169666.66666666666
ZAKURZEWO,3,100000.0,183000.0
ZAKRZEWSKA OSADA,3,280000.0,266666.6666666667
KRAJENKI,3,32000.0,28666.666666666668
KOŻUSZKOWO-POMIANY,3,280002.0,241667.33333333334
LUBODZIEŻ,3,320000.0,323333.3333333333
BRZEZINKO,3,280000.0,365000.0
TAJWAN,3,115000.0,109000.0
SŁUPOWO,3,55000.0,70666.66666666667
SŁUPOWA,3,159000.0,139833.33333333334
SŁOŃCZ,3,190000.0,241666.66666666666
SŁONAWY,3,350000.0,324000.0
SŁAWSKO DOLNE,3,180000.0,195666.66666666666
MURUCIN,3,53000.0,52666.666666666664
ZAGAJEWICE,3,222720.0,164240.0
WĘGIERCE,3,106000.0,104833.33333333333
DĄBRÓWKA BARCIŃSKA,3,160000.0,162333.33333333334
PLĄCHOTY,3,150000.0,241666.66666666666
PIERANIE,3,150000.0,175000.0
RYSZEWO,3,202000.0,202333.33333333334
RYDLEWO,3,110000.0,149908.33333333334
JASTRZĘBIEC,3,120000.0,165000.0
DOLNE WYMIARY,3,790000.0,556666.6666666666
SĘDOWO,3,250000.0,261666.66666666666
SZPITAL,3,240000.0,213333.33333333334
SZEMBRUCZEK,3,100000.0,163666.66666666666
MOZGOWINA,3,160000.0,130666.66666666667
DZIEWA,3,150000.0,110000.0
LUTOWO,3,300000.0,215000.0
KIEŁP,3,250000.0,221666.66666666666
PARLINEK,3,110000.0,106666.66666666667
SIEDLIMOWO,3,95000.0,128000.0
RZESZYN,3,95000.0,115666.66666666667
PALIWODZIZNA,3,200000.0,195666.66666666666
ZAKRZEWEK,3,135000.0,189110.0
WIELKIE CZYSTE,3,160500.0,165500.0
WIELKI LUBIEŃ,3,420000.0,363333.3333333333
WIELKA KOMORZA,3,100000.0,113333.33333333333
WIELKA KLONIA,3,100000.0,200000.0
MORSK,3,195000.0,195000.0
DYLEWO,3,95000.0,121666.66666666667
SZAFARNIA,3,60000.0,95000.0
SUCHORĘCZ,3,220000.0,230000.0
WIERZBOWO,3,229000.0,229000.0
WIENIEC,3,65000.0,85266.66666666667
CEGIELNIA,3,159000.0,279300.0
BŁĄDZIM,3,150000.0,189011.66666666666
SIKORZ,3,226600.0,400533.3333333333
SIEMKOWO,3,200000.0,203333.33333333334
GACKI,3,12740.0,12596.666666666666
GABRIELIN,3,7560.0,14413.666666666666
WYMYSŁOWO,3,719000.0,516333.3333333333
GORZUCHOWO,3,305000.0,302333.3333333333
RYCHNOWO,3,150000.0,138333.33333333334
DOBROMIERZ,3,160000.0,161333.33333333334
DOBROGOŚCICE,3,340000.0,490000.0
DOBIESŁAWICE,3,140000.0,140000.0
NOWAWIEŚ PAŁUCKA,3,38000.0,35050.0
JABŁÓWKO,3,380000.0,293333.3333333333
JABŁOWO PAŁUCKIE,3,60000.0,53333.333333333336
NOWY SUMIN,3,104500.0,83833.33333333333
LISNÓWKO,3,48000.0,46000.0
LIPNICZKI,3,190000.0,215333.33333333334
KĘPA KUJAWSKA,3,60000.0,60000.0
CZARMUŃ,3,44450.0,41483.333333333336
OSŁOWO,3,177000.0,160666.66666666666
SKRZESZEWO,3,79740.0,156493.33333333334
CHEŁMICZKI,3,145000.0,106666.66666666667
DĘBOGÓRA,3,15000.0,99333.33333333333
KUŚNIERZ,3,40000.0,42666.666666666664
BORÓWKI,3,45000.0,43666.666666666664
BOGUSZEWO,3,130000.0,94333.33333333333
HUTA PALĘDZKA,3,197500.0,239166.66666666666
HELENOWO,3,145000.0,116166.66666666667
STAWISKA,3,350000.0,260000.0
STARY FOLWARK,3,230000.0,274433.3333333333
WUDZYNEK,3,250000.0,296000.0
WRÓBLE,3,68000.0,107666.66666666667
LINARCZYK,3,500000.0,442000.0
LICISZEWY,3,500000.0,407666.6666666667
SREBRNIKI,3,120000.0,103333.33333333333
LASKOWNICA,3,200000.0,160000.0
GOGOLIN,3,499000.0,428666.6666666667
DZIKI,3,690000.0,570000.0
TUSZKOWO,3,55000.0,122000.0
TOPOLINEK,3,90000.0,90000.0
KLOTYLDOWO,3,115000.0,175000.0
ŚMIŁOWO,3,188000.0,163533.33333333334
KOBYLNICA,3,345000.0,283333.3333333333
ŁAGIEWNIKI,3,90000.0,99666.66666666667
ZRAZIM,3,46000.0,38183.333333333336
KOŁDRĄB,3,58800.0,55266.666666666664
ANIELINY,3,140000.0,166666.66666666666
BARTLEWO,3,330000.0,225000.0
GRABÓWKO,3,90000.0,88333.33333333333
GOŁĘBIEWO,3,120000.0,183333.33333333334
ŁODZIA,3,200000.0,312333.3333333333
ZBOŻE,3,80000.0,74000.0
BIAŁOBŁOTY,2,245000.0,245000.0
KOLANKOWO,2,250000.0,250000.0
ŻEGOTKI,2,290000.0,290000.0
ŻELECHLIN,2,36000.0,36000.0
GOZDAWA,2,308633.0,308633.0
GOŁUSZYCE,2,340000.0,340000.0
GOŚCIESZYNEK,2,70000.0,70000.0
ŚWIDWIE,2,330000.0,330000.0
ADAMKOWO,2,375000.0,375000.0
ŁOWINEK,2,292500.0,292500.0
ŻABNO,2,217500.0,217500.0
ŁĄSKO MAŁE,2,195000.0,195000.0
MIELENKO,2,160000.0,160000.0
TOPÓLNO,2,200000.0,200000.0
TRUTNOWO,2,272500.0,272500.0
TRZCIANY,2,265000.0,265000.0
TURZYN,2,575000.0,575000.0
GODZIMIERZ,2,71500.0,71500.0
LASKOWO,2,120000.0,120000.0
LESZCZ,2,129000.0,129000.0
SOKOLNIKI,2,300000.0,300000.0
SOSNÓWKA,2,85000.0,85000.0
STANOMIN,2,195000.0,195000.0
OLSZÓWKA,2,232500.0,232500.0
ORŁOWO,2,447500.0,447500.0
WIŚNIEWKA,2,102000.0,102000.0
WOLA KOŻUSZKOWA,2,265000.0,265000.0
WOLA WAPOWSKA,2,2800.0,2800.0
STARA RUDA,2,41500.0,41500.0
STARY SUMIN,2,395000.0,395000.0
JEZIORKI ZABARTOWSKIE,2,810000.0,810000.0
JÓZEFINKA,2,116000.0,116000.0
JÓZEFOWO,2,416500.0,416500.0
KACZKOWO,2,193000.0,193000.0
BOLUMIN,2,320000.0,320000.0
CZERSK ŚWIECKI,2,228750.0,228750.0
OŁDRZYCHOWO,2,140000.0,140000.0
WYBCZYK,2,220000.0,220000.0
PALMIEROWO,2,97600.0,97600.0
PALĘDZIE DOLNE,2,230000.0,230000.0
SKOTNIKI,2,207000.0,207000.0
SKÓRZEWO,2,583500.0,583500.0
OSTROWO GM.KRUSZWICA,2,195000.0,195000.0
OTOWICE,2,352500.0,352500.0
CZECZEWO,2,37500.0,37500.0
KUNOWO,2,257500.0,257500.0
KŁÓDKA SZLACHECKA,2,147500.0,147500.0
WIERZEJEWICE,2,330000.0,330000.0
WIESZCZYCE,2,150500.0,150500.0
WILCZKOWO,2,447950.0,447950.0
LIPNIKI,2,431000.0,431000.0
LISINY,2,192500.0,192500.0
IZABELA,2,118000.0,118000.0
JACKOWO,2,405000.0,405000.0
JADOWNIKI BIELSKIE,2,70000.0,70000.0
DREWNO,2,105600.0,105600.0
DROGOSŁAW,2,235000.0,235000.0
LUBCZA,2,352500.0,352500.0
LUBIEWICE,2,50000.0,50000.0
WIELONEK,2,112500.0,112500.0
JERZMIONKI,2,293875.0,293875.0
BUSEWO,2,211947.5,211947.5
BYSŁAWEK,2,427500.0,427500.0
STUDZIENKI,2,102842.5,102842.5
NIEMOJEWKO,2,320000.0,320000.0
NIEMOJEWO,2,262500.0,262500.0
NIESTRONNO,2,72500.0,72500.0
WIELOWICZ,2,90000.0,90000.0
GIŻEWO,2,337500.0,337500.0
GORYSZEWO,2,182500.0,182500.0
FOLGOWO,2,285000.0,285000.0
GAJEWO ZABUDOWANIA,2,180050.0,180050.0
PASTWISKA I PIASKI,2,348750.0,348750.0
SIERAKÓWEK,2,63156.0,63156.0
SIERNIKI,2,225750.0,225750.0
SUPONIN,2,136500.0,136500.0
SUWAŁA,2,22500.0,22500.0
SZCZEGLIN,2,151500.0,151500.0
MORGOWO,2,33750.0,33750.0
MOTYL,2,59500.0,59500.0
KAŹMIEROWO,2,175000.0,175000.0
ZAKRZEWKO,2,673000.0,673000.0
RZADKWIN,2,42500.0,42500.0
RZEPISZYN,2,238500.0,238500.0
RZYM,2,69000.0,69000.0
SADYKIERZ,2,525000.0,525000.0
SAMSIECZYNEK,2,302900.0,302900.0
SARBINOWO,2,227500.0,227500.0
PAMIĘTOWO,2,120000.0,120000.0
PAPROS,2,203500.0,203500.0
PARCHANKI,2,103152.0,103152.0
GIEBNIA,2,480000.0,480000.0
KIJEWO,2,230000.0,230000.0
SZEROKI KAMIEŃ,2,46800.0,46800.0
SZONOWO,2,212500.0,212500.0
SZYNYCH,2,130000.0,130000.0
SÓJKOWO,2,50000.0,50000.0
SŁABOSZEWKO,2,30300.0,30300.0
MIETLICA,2,237500.0,237500.0
MIĘCIERZYN,2,432500.0,432500.0
GAŁĘZEWO,2,180000.0,180000.0
RYCHŁAWA,2,157500.0,157500.0
PIOTRKOWO,2,52500.0,52500.0
PIÓRKOWO,2,255000.0,255000.0
PLEMIĘTA,2,402000.0,402000.0
WYRZA,2,210000.0,210000.0
WĘGIERSK,2,352500.0,352500.0
ZABARTOWO,2,130000.0,130000.0
MĘDRZYCE,2,81500.0,81500.0
KACZKÓWKO,2,188000.0,188000.0
KAMIONEK,2,150000.0,150000.0
KARCZYN-WIEŚ,2,242500.0,242500.0
GUBINY,2,56650.0,56650.0
GUMNOWICE,2,657500.0,657500.0
BRZEZINY,2,262500.0,262500.0
ZAKRZEWO,2,163500.0,163500.0
ROZWARZYN,2,202500.0,202500.0
RUCEWKO,2,372500.0,372500.0
RUZIEC,2,740000.0,740000.0
CHRÓSTOWO,2,200000.0,200000.0
CIELESZYN,2,121000.0,121000.0
CIEMNIKI,2,397500.0,397500.0
COTOŃ,2,344000.0,344000.0
LUBSTÓWEK,2,347500.0,347500.0
LUDWIKOWO,2,44100.0,44100.0
TYLICE,2,20200.0,20200.0
BRUKI I,2,515000.0,515000.0
GRZECZNA PANNA,2,327750.0,327750.0
GRZEGORZ,2,57500.0,57500.0
KARMELITA,2,170000.0,170000.0
KAROLEWO,2,52500.0,52500.0
MIERUCINEK,2,336250.0,336250.0
GÓRY,2,34000.0,34000.0
BRÓDZKI,2,215000.0,215000.0
BUDY,2,122500.0,122500.0
BNIN,2,194250.0,194250.0
JAZDROWO,2,125000.0,125000.0
JEDWABNO,2,270000.0,270000.0
CZAPELKI,2,215000.0,215000.0
POPIELEWO,2,235500.0,235500.0
ROZPĘTEK,2,236000.0,236000.0
ZALESIE SZLACHECKIE,2,565000.0,565000.0
ZAMARTE,2,210000.0,210000.0
BIERZGŁOWO,2,71230.0,71230.0
KOŚCIESZKI,2,54000.0,54000.0
MNISZEK,2,217500.0,217500.0
SŁABĘCIN,2,348500.0,348500.0
MAGDALENKA,2,232500.0,232500.0
MAŁE GACNO,2,135000.0,135000.0
MICHALIN,2,335000.0,335000.0
MIECHOWICE,2,587000.0,587000.0
MIEDZNO,2,180000.0,180000.0
MAZANKI,2,207500.0,207500.0
ŁANKOWICE,2,162500.0,162500.0
ŁĄCKO,2,362500.0,362500.0
KRUSZA ZAMKOWA,2,390000.0,390000.0
KRUSZE,2,100000.0,100000.0
RAFA,2,497000.0,497000.0
RAJGRÓD,2,78925.0,78925.0
REDCZYCE,2,63500.0,63500.0
RETKOWO,2,52500.0,52500.0
ROJEWICE,2,203875.0,203875.0
JANIN,2,50450.0,50450.0
JANOWICE,2,300000.0,300000.0
BIESKOWO,2,188500.0,188500.0
TWIERDZIŃ,2,302500.0,302500.0
KONARY,2,10537.0,10537.0
KOWRÓZEK,2,395000.0,395000.0
ANTONIEWO,2,285000.0,285000.0
PRZESŁAWICE,2,322500.0,322500.0
DÓLSK,2,679500.0,679500.0
MACHOWO,2,140000.0,140000.0
GOŁOTY,1,320000.0,320000.0
ŁUKÓWIEC,1,529000.0,529000.0
BELNO,1,1410.5,1410.5
ŻYROSŁAWICE,1,170000.0,170000.0
ŻÓŁWINY I WYCINKI,1,30000.0,30000.0
ZIMNY ZDRÓJ,1,200004.0,200004.0
ZOFIJÓWKA,1,185000.0,185000.0
ZWIERZYNIEC,1,200000.0,200000.0
ŚLIWICZKI,1,565000.0,565000.0
KOBYLANKA,1,550000.0,550000.0
TRYL,1,37000.0,37000.0
TRZEBIEŃ,1,480000.0,480000.0
TRZEMIĘTÓWKO,1,645600.0,645600.0
TURLEJEWO,1,100000.0,100000.0
TURZANY,1,320000.0,320000.0
BUDYŃ,1,101500.0,101500.0
TEKLANOWO,1,40000.0,40000.0
TEOLOG,1,82118.01,82118.01
TONOWO,1,120000.0,120000.0
MAŁA KOMORZA,1,140000.0,140000.0
UGODA,1,169000.0,169000.0
USTASZEWO,1,115000.0,115000.0
BRODY,1,35000.0,35000.0
BRUDNIA,1,400000.0,400000.0
BRUKI UNISŁAWSKIE,1,775000.0,775000.0
BRUKNIEWO,1,300000.0,300000.0
GOSTOMKA,1,100000.0,100000.0
KASPROWO,1,105000.0,105000.0
MIEROGONIEWICE,1,760000.0,760000.0
TASZEWKO,1,310000.0,310000.0
TASZEWSKIE POLE,1,250000.0,250000.0
BRZOZOWE BŁOTA,1,77000.0,77000.0
BRZUCHOWO,1,40000.0,40000.0
BRZÓZKI,1,219000.0,219000.0
SŁUCHAJ,1,4950.0,4950.0
SŁUPÓWKO,1,270000.0,270000.0
TARGOWNICA,1,165000.0,165000.0
GÓRNE MORGI,1,70000.0,70000.0
KAMLARKI,1,42500.0,42500.0
GULCZEWO,1,440000.0,440000.0
WALENTYNOWO,1,100000.0,100000.0
WASIELEWKO,1,215000.0,215000.0
LUDWICHOWO,1,80000.0,80000.0
LUDWINIEC,1,120000.0,120000.0
DZIENNICE,1,720000.0,720000.0
WERONIKA,1,100000.0,100000.0
MSZANO,1,250000.0,250000.0
SŁABOSZEWO,1,380000.0,380000.0
MILEWKO,1,13000.0,13000.0
MILEWO,1,8380.0,8380.0
MIROSŁAWICE,1,15000.0,15000.0
SUCHORĄCZEK,1,140000.0,140000.0
SUCHORĘCZEK,1,250000.0,250000.0
SULINOWO,1,65000.0,65000.0
DRĄŻONEK,1,80000.0,80000.0
WEŁPIN,1,650000.0,650000.0
WIELKA KĘPA,1,40000.0,40000.0
KAZIMIERZEWO,1,75000.0,75000.0
KICKO,1,140000.0,140000.0
KIEŁBASIN,1,130000.0,130000.0
LUBOCHEŃ,1,129000.0,129000.0
BYSTRZYCA,1,500000.0,500000.0
SUCHARZEWO,1,75000.0,75000.0
NOGAT,1,552500.0,552500.0
NOWA RUDA,1,355000.0,355000.0
DOBSKO,1,89794.09,89794.09
DOLNE MORGI,1,150000.0,150000.0
WIERZCHUCICE,1,225000.0,225000.0
WIESZKI,1,80000.0,80000.0
WIEWIÓRCZYN,1,220000.0,220000.0
LINÓWIEC,1,400000.0,400000.0
LIPIENKI,1,142000.0,142000.0
LISAK,1,20400.0,20400.0
OGRASZKA,1,135000.0,135000.0
JADWIŻYN,1,200000.0,200000.0
BUDZISŁAW,1,60500.0,60500.0
NOWA WIEŚ GM.CIECHOCIN,1,550000.0,550000.0
NOWE BŁONOWO,1,18760.0,18760.0
NOWE SMOLNO,1,115000.0,115000.0
NOWOGRÓDEK,1,100000.0,100000.0
STARY JARUŻYN,1,550000.0,550000.0
STEKLIN-KOLONIA,1,50000.0,50000.0
JURANCICE,1,70000.0,70000.0
JÓZEFAT,1,225000.0,225000.0
JÓZEFKOWO,1,575000.0,575000.0
JĘDRZEJEWO,1,150000.0,150000.0
BOGDANKI,1,20000.0,20000.0
BOGUSŁAWKI,1,160000.0,160000.0
BORKI,1,73000.0,73000.0
BOŻACIN,1,310000.0,310000.0
KĄPIE,1,141000.0,141000.0
LASKI WIELKIE,1,182500.0,182500.0
LESZYCE,1,80000.0,80000.0
CZERNIAK,1,450000.0,450000.0
SMARZYKOWO,1,130000.0,130000.0
SMOGORZEWIEC,1,145000.0,145000.0
OKONINEK,1,300000.0,300000.0
OLEK,1,739000.0,739000.0
OLSZA,1,85000.0,85000.0
OLSZEWICE,1,215000.0,215000.0
OPOROWO,1,70000.0,70000.0
OSADA OSOWA GÓRA,1,297000.0,297000.0
OSTATKOWO,1,333000.0,333000.0
WIŚNIEWA,1,70000.0,70000.0
GROCHOWIEC,1,140000.0,140000.0
DĘBINA,1,50000.0,50000.0
DĘBNO,1,97710.0,97710.0
DĘBOWIEC,1,440000.0,440000.0
KRĄG,1,280000.0,280000.0
KSIĄŻ,1,190000.0,190000.0
CHAŁUPSKA,1,450000.0,450000.0
SITOWIEC,1,540000.0,540000.0
OSTRÓWCE,1,320000.0,320000.0
OSÓWKA-KOLONIA,1,370000.0,370000.0
CZARNOTUL,1,330000.0,330000.0
KUCBOREK,1,170000.0,170000.0
GODZIĘBA,1,70000.0,70000.0
GONCARZEWY,1,80000.0,80000.0
WYCINKI,1,160000.0,160000.0
KLEPARY,1,57000.0,57000.0
FIJEWO,1,29000.0,29000.0
PAULINA,1,260000.0,260000.0
PERKOWO,1,404000.0,404000.0
SIEROSŁAWEK,1,200000.0,200000.0
DOBIESZEWICE,1,75000.0,75000.0
OŚNISZCZEWKO,1,45000.0,45000.0
PADNIEWO,1,154314.0,154314.0
RZEPOWO,1,220000.0,220000.0
RZYWNO,1,52200.0,52200.0
SARNOWO,1,235000.0,235000.0
PAROWA FALĘCKA,1,400000.0,400000.0
GOCANÓWKO,1,645000.0,645000.0
GOCZAŁKI,1,10000.0,10000.0
RYCERZEWO,1,295000.0,295000.0
PIECKI,1,25000.0,25000.0
PIOTROWO,1,180000.0,180000.0
GAPA,1,100000.0,100000.0
DĄBRÓWKA KUJAWSKA,1,320000.0,320000.0
WĘTFIE,1,100000.0,100000.0
WŁOSTOWO,1,168000.0,168000.0
ZAJĄCZKOWO,1,30000.0,30000.0
ROŻNIATY,1,150000.0,150000.0
RUDKI,1,190000.0,190000.0
POD KOMORZĄ,1,450000.36,450000.36
PODBOREK,1,360000.0,360000.0
JELEŃ,1,380000.0,380000.0
CHMIELEWO,1,350000.0,350000.0
CHOMIĄŻA KSIĘŻA,1,400000.0,400000.0
ROZSTRZAŁY,1,70000.0,70000.0
ROZSTRZĘBOWO,1,17400.0,17400.0
ROZTOKI,1,80000.0,80000.0
ZALESIE BARCIŃSKIE,1,600000.0,600000.0
ZALESIE KRÓLEWSKIE,1,169000.0,169000.0
ZARĘBA,1,750000.0,750000.0
BIELSKA STRUGA,1,730000.0,730000.0
KRUKÓWKO,1,730000.0,730000.0
KRUSZA PODLOTOWA,1,300000.0,300000.0
PRZYMUSZEWO,1,64000.0,64000.0
PRZYROWA,1,75000.0,75000.0
RADOŃSK,1,139000.0,139000.0
RADŁÓWEK,1,225000.0,225000.0
RECZ,1,465000.0,465000.0
REJNA,1,450000.0,450000.0
JANKOWICE,1,105000.0,105000.0
KRZYŻANNA,1,63000.0,63000.0
ZAWADA,1,280000.0,280000.0
ZIEMOWITY,1,12000.0,12000.0
KOLONIA LIPNICA,1,250000.0,250000.0
KOMRATOWO,1,45000.0,45000.0
KONICZYNKA,1,255000.0,255000.0
KOWALEWKO,1,300000.0,300000.0
KOWALSKIE BŁOTA,1,600000.0,600000.0
AMERYCZKA,1,120000.0,120000.0
PTUREK,1,211000.0,211000.0
PŁAWIN,1,90000.0,90000.0
RACICE,1,280000.0,280000.0
RADAŃSKA,1,90000.0,90000.0
PRUSKIE,1,551000.0,551000.0
PRZEDBÓRZ,1,45000.0,45000.0
PRZY SZOSIE SĘPOLEŃSKIEJ,1,790000.0,790000.0
ARTUROWO,1,170000.0,170000.0
BAJERZE,1,170000.0,170000.0
BALICE,1,180000.0,180000.0
BALIN,1,300000.0,300000.0
ŚWIERCZYNY,1,250000.0,250000.0
BIAŁA,1,470000.0,470000.0
BIAŁE BŁOTA LAS,1,11464.2,11464.2
BIAŁOTUL,1,180000.0,180000.0
BIECHOWO,1,120000.0,120000.0
ADAMOWO,1,130000.0,130000.0
